{"p5": {"V": {"PPVCO": {"type": "double", "value": -0.0, "desc": "PP\u6642\u6751\u4ebaCO\u7387"}, "PPWCO": {"type": "double", "value": 0.49473870248525786, "desc": "PP\u6642\u4eba\u72fcCO\u7387"}, "PPPCO": {"type": "double", "value": 0.0, "desc": "PP\u6642\u88cf\u5207\u308a\u8005CO\u7387"}, "LR": {"type": "double", "value": 0.47604011323890993, "desc": "\u7656\u306e\u5b66\u7fd2"}, "vote": {"type": "select", "desc": "\u6295\u7968", "value": {"W": 1.0, "V": 0.0, "P": 0.0, "S": -0.28875466483130524, "B": 0.0, "M": 0.0, "EVoted": 0.007549048595714794, "WR": 0.0, "FW": 0.0, "Black": 0.0, "White": 0.0}}, "talk": {"type": "select", "desc": "\u6295\u7968\u767a\u8a00", "value": {"W": -0.0, "V": 0.0, "P": 0.0, "S": -0.0, "B": -0.0, "M": -0.0, "EVoted": 0.35745099540851094, "WR": -0.0, "FW": 0.0, "Black": 0.0, "White": -0.0}}}, "S": {"PPVCO": {"type": "double", "value": 0.0, "desc": "PP\u6642\u6751\u4ebaCO\u7387"}, "PPWCO": {"type": "double", "value": -0.0, "desc": "PP\u6642\u4eba\u72fcCO\u7387"}, "PPPCO": {"type": "double", "value": 0.7569005751227312, "desc": "PP\u6642\u88cf\u5207\u308a\u8005CO\u7387"}, "LR": {"type": "double", "value": -0.4027688636970692, "desc": "\u7656\u306e\u5b66\u7fd2"}, "vote": {"type": "select", "desc": "\u6295\u7968", "value": {"W": 1.0, "V": -0.0, "P": -0.0, "S": -0.2359384110890271, "B": -0.0, "M": -0.0, "EVoted": 0.007589293324863925, "WR": -0.0, "FW": -0.0, "Black": 0.0, "White": 0.0}}, "talk": {"type": "select", "desc": "\u6295\u7968\u767a\u8a00", "value": {"W": 1.0, "V": -0.0, "P": -0.0, "S": -0.0, "B": 0.0, "M": -0.0, "EVoted": 0.007522709170870682, "WR": 0.0, "FW": 0.0, "Black": 0.0, "White": -0.0}}, "talkDivineW": {"type": "select", "desc": "\u5360\u3044\u5831\u544a\uff08\u767d\uff09", "value": {"W": -0.0, "V": -0.0, "P": 0.0, "S": -0.0, "B": 0.0, "M": 0.0, "EVoted": -0.0, "WR": 0.0, "FW": -0.0, "Black": -0.0, "White": -0.0}}, "talkDivineB": {"type": "select", "desc": "\u5360\u3044\u5831\u544a\uff08\u9ed2\uff09", "value": {"W": 0.9444344516788014, "V": 0.0, "P": 0.03972491830913042, "S": 0.0, "B": 0.0, "M": -0.0, "EVoted": -0.0, "WR": -0.0, "FW": -0.0, "Black": 0.0, "White": -0.0}}, "divine": {"type": "select", "desc": "\u5360\u3044\u5148", "value": {"W": 1.0, "V": -0.0, "P": -0.0, "S": -0.0, "B": -0.0, "M": -0.0, "EVoted": 0.0075264987536147205, "WR": -0.6376446938094307, "FW": -0.0, "Black": 0.0, "White": 0.0}}}, "W": {"SCO": {"type": "double", "value": 0.0, "desc": "\u5360\u3044\u5e2bCO\u7387"}, "PPVCO": {"type": "double", "value": -0.0, "desc": "PP\u6642\u6751\u4ebaCO\u7387"}, "PPWCO": {"type": "double", "value": 0.6473350820506706, "desc": "PP\u6642\u4eba\u72fcCO\u7387"}, "PPPCO": {"type": "double", "value": 0.0, "desc": "PP\u6642\u88cf\u5207\u308a\u8005CO\u7387"}, "LR": {"type": "double", "value": 0.9693085763699473, "desc": "\u7656\u306e\u5b66\u7fd2"}, "vote": {"type": "select", "desc": "\u6295\u7968", "value": {"W": 0.2134253352543128, "V": 0.0, "P": -0.0, "S": -0.2252591131489659, "B": -0.0, "M": 0.0, "EVoted": 1.022139612974959, "WR": -0.0, "FW": -0.0, "Black": 0.0, "White": 0.0}}, "talk": {"type": "select", "desc": "\u6295\u7968\u767a\u8a00", "value": {"W": 0.0, "V": 0.0, "P": 0.0, "S": 0.0, "B": 0.0, "M": 0.0, "EVoted": 1.3697122431628295, "WR": 0.0, "FW": -0.0, "Black": 0.0, "White": 0.0}}, "attack": {"type": "select", "desc": "\u8972\u6483", "value": {"W": -0.0, "V": 0.1260507389886732, "P": 0.0, "S": 0.8658238853789976, "B": -0.0, "M": -0.0, "EVoted": -0.0, "WR": 1.3511827237290668, "FW": 0.0, "Black": 0.0, "White": 0.0}}, "talkDivineW": {"type": "select", "desc": "\u5360\u3044\u5831\u544a\uff08\u767d\uff09", "value": {"W": -0.0, "V": 0.0, "P": 0.0, "S": -0.0, "B": 0.0, "M": -0.0, "EVoted": 0.0, "WR": -0.0, "FW": -0.0, "Black": 0.0, "White": 0.0}}, "talkDivineB": {"type": "select", "desc": "\u5360\u3044\u5831\u544a\uff08\u9ed2\uff09", "value": {"W": 0.0, "V": -0.0, "P": 0.0, "S": -0.0, "B": -0.0, "M": 0.0, "EVoted": 0.0, "WR": 0.0, "FW": 0.0, "Black": 0.0, "White": 0.0}}}, "P": {"SCO": {"type": "double", "value": 0.8911015444895071, "desc": "\u5360\u3044\u5e2bCO\u7387"}, "PPVCO": {"type": "double", "value": -0.0, "desc": "PP\u6642\u6751\u4ebaCO\u7387"}, "PPWCO": {"type": "double", "value": 0.0, "desc": "PP\u6642\u4eba\u72fcCO\u7387"}, "PPPCO": {"type": "double", "value": 0.9360382333431856, "desc": "PP\u6642\u88cf\u5207\u308a\u8005CO\u7387"}, "LR": {"type": "double", "value": 1.3552260359514596, "desc": "\u7656\u306e\u5b66\u7fd2"}, "vote": {"type": "select", "desc": "\u6295\u7968", "value": {"W": 0.8326515518737192, "V": -0.0, "P": -0.0, "S": -0.27997306109509973, "B": 0.0, "M": 0.0, "EVoted": 0.26214064530953246, "WR": 0.0, "FW": 0.0, "Black": -0.0, "White": 0.0}}, "talk": {"type": "select", "desc": "\u6295\u7968\u767a\u8a00", "value": {"W": 0.0, "V": -0.0, "P": 0.0, "S": 0.0, "B": 0.0, "M": -0.0, "EVoted": 0.22655216738767575, "WR": 0.0, "FW": 0.0, "Black": -0.0, "White": -0.0}}, "talkDivineW": {"type": "select", "desc": "\u5360\u3044\u5831\u544a\uff08\u767d\uff09", "value": {"W": 0.7104372106603716, "V": -0.0, "P": -0.0, "S": 0.0, "B": -0.0, "M": -0.0, "EVoted": 0.0, "WR": 0.0, "FW": 0.0, "Black": -0.0, "White": 0.0}}, "talkDivineB": {"type": "select", "desc": "\u5360\u3044\u5831\u544a\uff08\u9ed2\uff09", "value": {"W": -0.0, "V": -0.2686412752080959, "P": -0.0, "S": -0.0, "B": 0.0, "M": -0.0, "EVoted": -0.0, "WR": -0.0, "FW": 0.0, "Black": 0.0, "White": 0.0}}}}, "p15": {"V": {"PPVCO": {"type": "double", "value": -0.0, "desc": "PP\u6642\u6751\u4ebaCO\u7387"}, "PPWCO": {"type": "double", "value": 0.6, "desc": "PP\u6642\u4eba\u72fcCO\u7387"}, "PPPCO": {"type": "double", "value": 0.4, "desc": "PP\u6642\u88cf\u5207\u308a\u8005CO\u7387"}, "LR": {"type": "double", "value": 0.5, "desc": "\u7656\u306e\u5b66\u7fd2"}, "vote": {"type": "select", "desc": "\u6295\u7968", "value": {"W": 1.0, "V": -0.0, "P": 0.0, "S": -0.25, "B": -0.25, "M": -0.3, "EVoted": 0.0, "WR": 0.0, "FW": 0.0, "Black": -0.0, "White": 0.0}}, "talk": {"type": "select", "desc": "\u6295\u7968\u767a\u8a00", "value": {"W": 0.55, "V": 0.0, "P": -0.0, "S": -0.0, "B": 0.0, "M": 0.0, "EVoted": 0.0, "WR": -0.0, "FW": 0.0, "Black": -0.0, "White": 0.0}}}, "S": {"PPVCO": {"type": "double", "value": 0.0, "desc": "PP\u6642\u6751\u4ebaCO\u7387"}, "PPWCO": {"type": "double", "value": 0.0, "desc": "PP\u6642\u4eba\u72fcCO\u7387"}, "PPPCO": {"type": "double", "value": -0.0, "desc": "PP\u6642\u88cf\u5207\u308a\u8005CO\u7387"}, "LR": {"type": "double", "value": 0.9615901763249097, "desc": "\u7656\u306e\u5b66\u7fd2"}, "vote": {"type": "select", "desc": "\u6295\u7968", "value": {"W": 1.0, "V": -0.0, "P": -0.0, "S": -0.28503159462426125, "B": -0.287432887721899, "M": -0.3, "EVoted": 0.007508292941016335, "WR": -0.0, "FW": 0.0, "Black": -0.0, "White": 0.0}}, "talk": {"type": "select", "desc": "\u6295\u7968\u767a\u8a00", "value": {"W": 1.0, "V": 0.0, "P": -0.0, "S": -0.0, "B": 0.0, "M": -0.0, "EVoted": 0.007494073901449654, "WR": 0.0, "FW": 0.0, "Black": 0.0, "White": 0.0}}, "talkDivineW": {"type": "select", "desc": "\u5360\u3044\u5831\u544a\uff08\u767d\uff09", "value": {"W": -0.0, "V": -0.0, "P": -0.0, "S": 0.0, "B": 0.0, "M": 0.0, "EVoted": 0.0, "WR": 0.0, "FW": -0.0, "Black": -0.0, "White": 1.0}}, "talkDivineB": {"type": "select", "desc": "\u5360\u3044\u5831\u544a\uff08\u9ed2\uff09", "value": {"W": 0.0, "V": -0.0, "P": -0.0, "S": -0.0, "B": -0.0, "M": -0.0, "EVoted": 0.0, "WR": -0.0, "FW": -0.0, "Black": 1.0, "White": 0.0}}, "divine": {"type": "select", "desc": "\u5360\u3044\u5148", "value": {"W": 1.0, "V": -0.0, "P": -0.0, "S": 0.0, "B": -0.0, "M": -0.0, "EVoted": 0.007495728721836054, "WR": 0.5215897773487995, "FW": 0.0, "Black": 0.0, "White": 0.0}}}, "B": {"PPVCO": {"type": "double", "value": -0.0, "desc": "PP\u6642\u6751\u4ebaCO\u7387"}, "PPWCO": {"type": "double", "value": -0.0, "desc": "PP\u6642\u4eba\u72fcCO\u7387"}, "PPPCO": {"type": "double", "value": -0.0, "desc": "PP\u6642\u88cf\u5207\u308a\u8005CO\u7387"}, "LR": {"type": "double", "value": 0.0,